insert into User values
(1,'John Smith','1990-01-01',1,'NIL','123 Main St','New York','New York'),
(2,'Emily Johnson','1985-06-15',0,'Diabetes','456 Elm St','Los Angeles','California'),
(3,'Michael Davis','1970-03-20',1,'NIL','789 Oak St','Chicago','Illinois'),
(4,'Sarah Taylor','1995-09-10',1,'Asthma','321 Pine St','Houston','Texas'),
(5,'William Brown','1980-02-25',0,'NIL','901 Maple St','Phoenix','Arizona'),
(6,'Jennifer Lee','1992-11-05',1,'NIL','234 Cedar St','Philadelphia','Pennsylvania'),
(7,'Kevin White','1975-08-20',0,'Heart Disease','567 Spruce St','San Antonio','Texas'),
(8,'Amanda Martin','1988-04-15',1,'NIL','890 Walnut St','San Diego','California'),
(9,'Brian Hall','1972-01-10',0,'Cancer','345 Hickory St','Dallas','Texas'),
(10,'Lisa Nguyen','1991-07-25',1,'NIL','678 Ash St','San Jose','California'),
(11,'Mark Davis','1982-03-05',0,'NIL','901 Beech St','Austin','Texas'),
(12,'Donna Taylor','1978-09-20',1,'NIL','234 Cherry St','Jacksonville','Florida'),
(13,'James Wilson','1994-05-15',0,'NIL','567 Cypress St','San Francisco','California'),
(14,'Rebecca Garcia','1986-02-25',1,'NIL','890 Dogwood St','Indianapolis','Indiana'),
(15,'Matthew Rodriguez','1974-11-10',0,'NIL','345 Eucalyptus St','Columbus','Ohio'),
(16,'Amy Chen','1993-08-05',1,'NIL','678 Fir St','Fort Worth','Texas'),
(17,'Daniel Brooks','1979-06-20',0,'NIL','901 Gum St','Charlotte','North Carolina'),
(18,'Elizabeth Jenkins','1984-04-15',1,'NIL','234 Hawthorn St','Memphis','Tennessee'),
(19,'Thomas Harris','1971-01-10',0,'NIL','567 Ivy St','Boston','Massachusetts'),
(20,'Jessica Thompson','1990-07-25',1,'NIL','678 Juniper St','Baltimore','Maryland'),
(21,'Robert Lewis','1981-03-05',0,'NIL','901 Kudzu St','Detroit','Michigan'),
(22,'Katherine Walker','1976-09-20',1,'NIL','234 Larch St','El Paso','Texas'),
(23,'Richard Jackson','1992-05-15',0,'NIL','567 Magnolia St','Milwaukee','Wisconsin'),
(24,'Deborah Martin','1987-02-25',1,'NIL','890 Mesquite St','Seattle','Washington'),
(25,'Joseph Lee','1973-11-10',0,'NIL','345 Mulberry St','Denver','Colorado'),
(26,'Donna Taylor','1991-08-05',1,'NIL','678 Nettle St','Washington','District of Columbia'),
(27,'Mark Davis','1978-06-20',0,'NIL','901 Oak St','Nashville','Tennessee'),
(28,'Lisa Nguyen','1985-04-15',1,'NIL','234 Palm St','Oklahoma City','Oklahoma'),
(29,'James Wilson','1994-01-10',0,'NIL','567 Pine St','Portland','Oregon'),
(30,'Rebecca Garcia','1983-07-25',1,'NIL','890 Poplar St','Louisville','Kentucky'),
(31,'Matthew Rodriguez','1972-03-05',0,'NIL','345 Quaking Aspen St','Albuquerque','New Mexico'),
(32,'Amy Chen','1990-09-20',1,'NIL','678 Redwood St','Tucson','Arizona'),
(33,'Daniel Brooks','1979-05-15',0,'NIL','901 Sage St','Long Beach','California'),
(34,'Elizabeth Jenkins','1986-02-25',1,'NIL','234 Sandalwood St','Colorado Springs','Colorado'),
(35,'Thomas Harris','1975-11-10',0,'NIL','567 Sassafras St','Virginia Beach','Virginia'),
(36,'Jessica Thompson','1993-08-05',1,'NIL','678 Spruce St','Raleigh','North Carolina'),
(37,'Robert Lewis','1980-06-20',0,'NIL','901 Sweetgum St','Miami','Florida'),
(38,'Katherine Walker','1977-04-15',1,'NIL','234 Sycamore St','Oakland','California'),
(39,'Richard Jackson','1991-01-10',0,'NIL','567 Tamarack St','Minneapolis','Minnesota'),
(40,'Deborah Martin','1984-07-25',1,'NIL','890 Tupelo St','Tulsa','Oklahoma'),
(41,'Joseph Lee','1974-03-05',0,'NIL','345 Walnut St','Sacramento','California'),
(42,'Donna Taylor','1992-09-20',1,'NIL','678 Willow St','Kansas City','Missouri'),
(43,'Mark Davis','1979-05-15',0,'NIL','901 Yellow Poplar St','St. Louis','Missouri'),
(44,'Lisa Nguyen','1988-02-25',1,'NIL','234 Zinnia St','Riverside','California'),
(45,'James Wilson','1995-01-10',0,'NIL','567 Cypress St','Anchorage','Alaska'),
(46,'Rebecca Garcia','1982-07-25',1,'NIL','890 Dogwood St','Honolulu','Hawaii'),
(47,'Matthew Rodriguez','1976-03-05',0,'NIL','345 Eucalyptus St','Juneau','Alaska'),
(48,'Amy Chen','1994-09-20',1,'NIL','678 Fir St','Montgomery','Alabama'),
(49,'Daniel Brooks','1981-05-15',0,'NIL','901 Gum St','Helena','Montana'),
(50,'Elizabeth Jenkins','1978-02-25',1,'NIL','234 Hawthorn St','Cheyenne','Wyoming'),
(51,'Olivia Brown','1996-01-01',1,'NIL','123 Main St','New York','New York'),
(52,'Ava Lee','1986-06-15',0,'Diabetes','456 Elm St','Los Angeles','California'),
(53,'Isabella Davis','1971-03-20',1,'NIL','789 Oak St','Chicago','Illinois'),
(54,'Sophia Taylor','1997-09-10',1,'Asthma','321 Pine St','Houston','Texas'),
(55,'Mia White','1981-02-25',0,'NIL','901 Maple St','Phoenix','Arizona'),
(56,'Charlotte Hall','1993-11-05',1,'NIL','234 Cedar St','Philadelphia','Pennsylvania'),
(57,'Amelia Martin','1976-08-20',0,'Heart Disease','567 Spruce St','San Antonio','Texas'),
(58,'Harper Jenkins','1989-04-15',1,'NIL','890 Walnut St','San Diego','California'),
(59,'Evelyn Harris','1973-01-10',0,'Cancer','345 Hickory St','Dallas','Texas'),
(60,'Abigail Thompson','1994-07-25',1,'NIL','678 Ash St','San Jose','California'),
(61,'Emily Wilson','1983-03-05',0,'NIL','901 Beech St','Austin','Texas'),
(62,'Lily Nguyen','1979-09-20',1,'NIL','234 Cherry St','Jacksonville','Florida'),
(63,'Madison Garcia','1995-05-15',0,'NIL','567 Cypress St','San Francisco','California'),
(64,'Victoria Rodriguez','1987-02-25',1,'NIL','890 Dogwood St','Indianapolis','Indiana'),
(65,'Jessica Lewis','1975-11-10',0,'NIL','345 Eucalyptus St','Columbus','Ohio'),
(66,'Samantha Chen','1996-08-05',1,'NIL','678 Fir St','Fort Worth','Texas'),
(67,'Avery Brooks','1980-06-20',0,'NIL','901 Gum St','Charlotte','North Carolina'),
(68,'Riley Jenkins','1985-04-15',1,'NIL','234 Hawthorn St','Memphis','Tennessee'),
(69,'Zoey Harris','1972-01-10',0,'NIL','567 Ivy St','Boston','Massachusetts'),
(70,'Natalie Thompson','1997-07-25',1,'NIL','678 Juniper St','Baltimore','Maryland'),
(71,'Kayla Lewis','1982-03-05',0,'NIL','901 Kudzu St','Detroit','Michigan'),
(72,'Hailey Walker','1977-09-20',1,'NIL','234 Larch St','El Paso','Texas'),
(73,'Aubrey Jackson','1994-05-15',0,'NIL','567 Magnolia St','Milwaukee','Wisconsin'),
(74,'Lillian Martin','1988-02-25',1,'NIL','890 Mesquite St','Seattle','Washington'),
(75,'Addison Lee','1974-11-10',0,'NIL','345 Mulberry St','Denver','Colorado'),
(76,'Julian Taylor','1998-08-05',1,'NIL','678 Nettle St','Washington','District of Columbia'),
(77,'Cameron Davis','1980-06-20',0,'NIL','901 Oak St','Nashville','Tennessee'),
(78,'Parker Nguyen','1986-04-15',1,'NIL','234 Palm St','Oklahoma City','Oklahoma'),
(79,'Cooper Wilson','1996-01-10',0,'NIL','567 Pine St','Portland','Oregon'),
(80,'Logan Garcia','1984-07-25',1,'NIL','890 Poplar St','Louisville','Kentucky'),
(81,'Gabriel Rodriguez','1973-03-05',0,'NIL','345 Quaking Aspen St','Albuquerque','New Mexico'),
(82,'Michael Chen','1997-09-20',1,'NIL','678 Redwood St','Tucson','Arizona'),
(83,'William Brooks','1979-05-15',0,'NIL','901 Sage St','Long Beach','California'),
(84,'Oliver Jenkins','1987-02-25',1,'NIL','234 Sandalwood St','Colorado Springs','Colorado'),
(85,'Benjamin Harris','1976-11-10',0,'NIL','567 Sassafras St','Virginia Beach','Virginia'),
(86,'Caleb Thompson','1998-08-05',1,'NIL','678 Spruce St','Raleigh','North Carolina'),
(87,'Jaxon Lewis','1981-06-20',0,'NIL','901 Sweetgum St','Miami','Florida'),
(88,'Elijah Walker','1978-04-15',1,'NIL','234 Sycamore St','Oakland','California'),
(89,'James Jackson','1997-01-10',0,'NIL','567 Tamarack St','Minneapolis','Minnesota'),
(90,'Alexander Martin','1985-07-25',1,'NIL','890 Tupelo St','Tulsa','Oklahoma'),
(91,'Ethan Lee','1975-03-05',0,'NIL','345 Walnut St','Sacramento','California'),
(92,'Lucas Taylor','1999-09-20',1,'NIL','678 Willow St','Kansas City','Missouri'),
(93,'Mason Davis','1981-05-15',0,'NIL','901 Yellow Poplar St','St. Louis','Missouri'),
(94,'Logan Nguyen','1988-02-25',1,'NIL','234 Zinnia St','Riverside','California'),
(95,'Alexander Wilson','1998-01-10',0,'NIL','567 Cypress St','Anchorage','Alaska'),
(96,'Gabriel Garcia','1983-07-25',1,'NIL','890 Dogwood St','Honolulu','Hawaii'),
(97,'Michael Rodriguez','1977-03-05',0,'NIL','345 Eucalyptus St','Juneau','Alaska'),
(98,'William Chen','1999-09-20',1,'NIL','678 Fir St','Montgomery','Alabama'),
(99,'Benjamin Brooks','1982-05-15',0,'NIL','901 Gum St','Helena','Montana'),
(100,'Oliver Jenkins','1979-02-25',1,'NIL','234 Hawthorn St','Cheyenne','Wyoming'),
(101,'Olivia Brown','1996-01-01',1,'NIL','123 Main St','New York','New York'),
(102,'Ava Lee','1986-06-15',0,'Diabetes','456 Elm St','Los Angeles','California'),
(103,'Isabella Davis','1971-03-20',1,'NIL','789 Oak St','Chicago','Illinois'),
(104,'Sophia Taylor','1997-09-10',1,'Asthma','321 Pine St','Houston','Texas'),
(105,'Mia White','1981-02-25',0,'NIL','901 Maple St','Phoenix','Arizona'),
(106,'Charlotte Hall','1993-11-05',1,'NIL','234 Cedar St','Philadelphia','Pennsylvania'),
(107,'Amelia Martin','1976-08-20',0,'Heart Disease','567 Spruce St','San Antonio','Texas'),
(108,'Harper Jenkins','1989-04-15',1,'NIL','890 Walnut St','San Diego','California'),
(109,'Evelyn Harris','1973-01-10',0,'Cancer','345 Hickory St','Dallas','Texas'),
(110,'Abigail Thompson','1994-07-25',1,'NIL','678 Ash St','San Jose','California'),
(111,'Emily Wilson','1983-03-05',0,'NIL','901 Beech St','Austin','Texas'),
(112,'Lily Nguyen','1979-09-20',1,'NIL','234 Cherry St','Jacksonville','Florida'),
(113,'Madison Garcia','1995-05-15',0,'NIL','567 Cypress St','San Francisco','California'),
(114,'Victoria Rodriguez','1987-02-25',1,'NIL','890 Dogwood St','Indianapolis','Indiana'),
(115,'Jessica Lewis','1975-11-10',0,'NIL','345 Eucalyptus St','Columbus','Ohio'),
(116,'Samantha Chen','1996-08-05',1,'NIL','678 Fir St','Fort Worth','Texas'),
(117,'Avery Brooks','1980-06-20',0,'NIL','901 Gum St','Charlotte','North Carolina'),
(118,'Riley Jenkins','1985-04-15',1,'NIL','234 Hawthorn St','Memphis','Tennessee'),
(119,'Zoey Harris','1972-01-10',0,'NIL','567 Ivy St','Boston','Massachusetts'),
(120,'Natalie Thompson','1997-07-25',1,'NIL','678 Juniper St','Baltimore','Maryland'),
(121,'Kayla Lewis','1982-03-05',0,'NIL','901 Kudzu St','Detroit','Michigan'),
(122,'Hailey Walker','1977-09-20',1,'NIL','234 Larch St','El Paso','Texas'),
(123,'Aubrey Jackson','1994-05-15',0,'NIL','567 Magnolia St','Milwaukee','Wisconsin'),
(124,'Lillian Martin','1988-02-25',1,'NIL','890 Mesquite St','Seattle','Washington'),
(125,'Addison Lee','1974-11-10',0,'NIL','345 Mulberry St','Denver','Colorado'),
(126,'Julian Taylor','1998-08-05',1,'NIL','678 Nettle St','Washington','District of Columbia'),
(127,'Cameron Davis','1980-06-20',0,'NIL','901 Oak St','Nashville','Tennessee'),
(128,'Parker Nguyen','1986-04-15',1,'NIL','234 Palm St','Oklahoma City','Oklahoma'),
(129,'Cooper Wilson','1996-01-10',0,'NIL','567 Pine St','Portland','Oregon'),
(130,'Logan Garcia','1984-07-25',1,'NIL','890 Poplar St','Louisville','Kentucky'),
(131,'Gabriel Rodriguez','1973-03-05',0,'NIL','345 Quaking Aspen St','Albuquerque','New Mexico'),
(132,'Michael Chen','1997-09-20',1,'NIL','678 Redwood St','Tucson','Arizona'),
(133,'William Brooks','1979-05-15',0,'NIL','901 Sage St','Long Beach','California'),
(134,'Oliver Jenkins','1987-02-25',1,'NIL','234 Sandalwood St','Colorado Springs','Colorado'),
(135,'Benjamin Harris','1976-11-10',0,'NIL','567 Sassafras St','Virginia Beach','Virginia'),
(136,'Caleb Thompson','1998-08-05',1,'NIL','678 Spruce St','Raleigh','North Carolina'),
(137,'Jaxon Lewis','1981-06-20',0,'NIL','901 Sweetgum St','Miami','Florida'),
(138,'Elijah Walker','1978-04-15',1,'NIL','234 Sycamore St','Oakland','California'),
(139,'James Jackson','1997-01-10',0,'NIL','567 Tamarack St','Minneapolis','Minnesota'),
(140,'Alexander Martin','1985-07-25',1,'NIL','890 Tupelo St','Tulsa','Oklahoma'),
(141,'Ethan Lee','1975-03-05',0,'NIL','345 Walnut St','Sacramento','California'),
(142,'Lucas Taylor','1999-09-20',1,'NIL','678 Willow St','Kansas City','Missouri'),
(143,'Mason Davis','1981-05-15',0,'NIL','901 Yellow Poplar St','St. Louis','Missouri'),
(144,'Logan Nguyen','1988-02-25',1,'NIL','234 Zinnia St','Riverside','California'),
(145,'Alexander Wilson','1998-01-10',0,'NIL','567 Cypress St','Anchorage','Alaska'),
(146,'Gabriel Garcia','1983-07-25',1,'NIL','890 Dogwood St','Honolulu','Hawaii'),
(147,'Michael Rodriguez','1977-03-05',0,'NIL','345 Eucalyptus St','Juneau','Alaska'),
(148,'William Chen','1999-09-20',1,'NIL','678 Fir St','Montgomery','Alabama'),
(149,'Benjamin Brooks','1982-05-15',0,'NIL','901 Gum St','Helena','Montana'),
(150,'Oliver Jenkins','1979-02-25',1,'NIL','234 Hawthorn St','Cheyenne','Wyoming'),
(151,'Olivia Brown','1996-01-01',1,'NIL','123 Main St','New York','New York'),
(152,'Ava Lee','1986-06-15',0,'Diabetes','456 Elm St','Los Angeles','California'),
(153,'Isabella Davis','1971-03-20',1,'NIL','789 Oak St','Chicago','Illinois'),
(154,'Sophia Taylor','1997-09-10',1,'Asthma','321 Pine St','Houston','Texas'),
(155,'Mia White','1981-02-25',0,'NIL','901 Maple St','Phoenix','Arizona'),
(156,'Olivia Brown','1996-01-01',1,'NIL','123 Main St','New York','New York'),
(157,'Ava Lee','1986-06-15',0,'Diabetes','456 Elm St','Los Angeles','California'),
(158,'Isabella Davis','1971-03-20',1,'NIL','789 Oak St','Chicago','Illinois'),
(159,'Sophia Taylor','1997-09-10',1,'Asthma','321 Pine St','Houston','Texas'),
(160,'Mia White','1981-02-25',0,'NIL','901 Maple St','Phoenix','Arizona'),
(161,'Charlotte Hall','1993-11-05',1,'NIL','234 Cedar St','Philadelphia','Pennsylvania'),
(162,'Amelia Martin','1976-08-20',0,'Heart Disease','567 Spruce St','San Antonio','Texas'),
(163,'Harper Jenkins','1989-04-15',1,'NIL','890 Walnut St','San Diego','California'),
(164,'Evelyn Harris','1973-01-10',0,'Cancer','345 Hickory St','Dallas','Texas'),
(165,'Abigail Thompson','1994-07-25',1,'NIL','678 Ash St','San Jose','California'),
(166,'Emily Wilson','1983-03-05',0,'NIL','901 Beech St','Austin','Texas'),
(167,'Lily Nguyen','1979-09-20',1,'NIL','234 Cherry St','Jacksonville','Florida'),
(168,'Madison Garcia','1995-05-15',0,'NIL','567 Cypress St','San Francisco','California'),
(169,'Victoria Rodriguez','1987-02-25',1,'NIL','890 Dogwood St','Indianapolis','Indiana'),
(170,'Jessica Lewis','1975-11-10',0,'NIL','345 Eucalyptus St','Columbus','Ohio'),
(171,'Samantha Chen','1996-08-05',1,'NIL','678 Fir St','Fort Worth','Texas'),
(172,'Avery Brooks','1980-06-20',0,'NIL','901 Gum St','Charlotte','North Carolina'),
(173,'Riley Jenkins','1985-04-15',1,'NIL','234 Hawthorn St','Memphis','Tennessee'),
(174,'Zoey Harris','1972-01-10',0,'NIL','567 Ivy St','Boston','Massachusetts'),
(175,'Natalie Thompson','1997-07-25',1,'NIL','678 Juniper St','Baltimore','Maryland'),
(176,'Kayla Lewis','1982-03-05',0,'NIL','901 Kudzu St','Detroit','Michigan'),
(177,'Hailey Walker','1977-09-20',1,'NIL','234 Larch St','El Paso','Texas'),
(178,'Aubrey Jackson','1994-05-15',0,'NIL','567 Magnolia St','Milwaukee','Wisconsin'),
(179,'Lillian Martin','1988-02-25',1,'NIL','890 Mesquite St','Seattle','Washington'),
(180,'Addison Lee','1974-11-10',0,'NIL','345 Mulberry St','Denver','Colorado'),
(181,'Julian Taylor','1998-08-05',1,'NIL','678 Nettle St','Washington','District of Columbia'),
(182,'Cameron Davis','1980-06-20',0,'NIL','901 Oak St','Nashville','Tennessee'),
(183,'Parker Nguyen','1986-04-15',1,'NIL','234 Palm St','Oklahoma City','Oklahoma'),
(184,'Cooper Wilson','1996-01-10',0,'NIL','567 Pine St','Portland','Oregon'),
(185,'Logan Garcia','1984-07-25',1,'NIL','890 Poplar St','Louisville','Kentucky'),
(186,'Gabriel Rodriguez','1973-03-05',0,'NIL','345 Quaking Aspen St','Albuquerque','New Mexico'),
(187,'Michael Chen','1997-09-20',1,'NIL','678 Redwood St','Tucson','Arizona'),
(188,'William Brooks','1979-05-15',0,'NIL','901 Sage St','Long Beach','California'),
(189,'Oliver Jenkins','1987-02-25',1,'NIL','234 Sandalwood St','Colorado Springs','Colorado'),
(190,'Benjamin Harris','1976-11-10',0,'NIL','567 Sassafras St','Virginia Beach','Virginia'),
(191,'Caleb Thompson','1998-08-05',1,'NIL','678 Spruce St','Raleigh','North Carolina'),
(192,'Jaxon Lewis','1981-06-20',0,'NIL','901 Sweetgum St','Miami','Florida'),
(193,'Elijah Walker','1978-04-15',1,'NIL','234 Sycamore St','Oakland','California'),
(194,'James Jackson','1997-01-10',0,'NIL','567 Tamarack St','Minneapolis','Minnesota'),
(195,'Alexander Martin','1985-07-25',1,'NIL','890 Tupelo St','Tulsa','Oklahoma'),
(196,'Ethan Lee','1975-03-05',0,'NIL','345 Walnut St','Sacramento','California'),
(197,'Lucas Taylor','1999-09-20',1,'NIL','678 Willow St','Kansas City','Missouri'),
(198,'Mason Davis','1981-05-15',0,'NIL','901 Yellow Poplar St','St. Louis','Missouri'),
(199,'Logan Nguyen','1988-02-25',1,'NIL','234 Zinnia St','Riverside','California'),
(200,'Alexander Wilson','1998-01-10',0,'NIL','567 Cypress St','Anchorage','Alaska'),
(201,'Gabriel Garcia','1983-07-25',1,'NIL','890 Dogwood St','Honolulu','Hawaii'),
(202,'Michael Rodriguez','1977-03-05',0,'NIL','345 Eucalyptus St','Juneau','Alaska'),
(203,'William Chen','1999-09-20',1,'NIL','678 Fir St','Montgomery','Alabama'),
(204,'Benjamin Brooks','1982-05-15',0,'NIL','901 Gum St','Helena','Montana'),
(205,'Oliver Jenkins','1979-02-25',1,'NIL','234 Hawthorn St','Cheyenne','Wyoming'),
(206,'Olivia Brown','1996-01-01',1,'NIL','123 Main St','New York','New York'),
(207,'Ava Lee','1986-06-15',0,'Diabetes','456 Elm St','Los Angeles','California'),
(208,'Isabella Davis','1971-03-20',1,'NIL','789 Oak St','Chicago','Illinois'),
(209,'Sophia Taylor','1997-09-10',1,'Asthma','321 Pine St','Houston','Texas'),
(210,'Mia White','1981-02-25',0,'NIL','901 Maple St','Phoenix','Arizona'),
(211,'Charlotte Hall','1993-11-05',1,'NIL','234 Cedar St','Philadelphia','Pennsylvania'),
(212,'Amelia Martin','1976-08-20',0,'Heart Disease','567 Spruce St','San Antonio','Texas'),
(213,'Harper Jenkins','1989-04-15',1,'NIL','890 Walnut St','San Diego','California'),
(214,'Evelyn Harris','1973-01-10',0,'Cancer','345 Hickory St','Dallas','Texas'),
(215,'Abigail Thompson','1994-07-25',1,'NIL','678 Ash St','San Jose','California'),
(216,'Emily Wilson','1983-03-05',0,'NIL','901 Beech St','Austin','Texas'),
(217,'Lily Nguyen','1979-09-20',1,'NIL','234 Cherry St','Jacksonville','Florida'),
(218,'Madison Garcia','1995-05-15',0,'NIL','567 Cypress St','San Francisco','California'),
(219,'Victoria Rodriguez','1987-02-25',1,'NIL','890 Dogwood St','Indianapolis','Indiana'),
(220,'Jessica Lewis','1975-11-10',0,'NIL','345 Eucalyptus St','Columbus','Ohio'),
(221,'Samantha Chen','1996-08-05',1,'NIL','678 Fir St','Fort Worth','Texas'),
(222,'Avery Brooks','1980-06-20',0,'NIL','901 Gum St','Charlotte','North Carolina'),
(223,'Riley Jenkins','1985-04-15',1,'NIL','234 Hawthorn St','Memphis','Tennessee'),
(224,'Zoey Harris','1972-01-10',0,'NIL','567 Ivy St','Boston','Massachusetts'),
(225,'Natalie Thompson','1997-07-25',1,'NIL','678 Juniper St','Baltimore','Maryland'),
(226,'Kayla Lewis','1982-03-05',0,'NIL','901 Kudzu St','Detroit','Michigan'),
(227,'Hailey Walker','1977-09-20',1,'NIL','234 Larch St','El Paso','Texas');

INSERT INTO User_phone_no (User_ID, phone_no) 
VALUES 
(1, '123-456-7890'),
(2, '987-654-3210'),
(3, '555-123-4567'),
(4, '901-234-5678'),
(5, '111-222-3333'),
(5, '444-555-6666'),
(5, '777-888-9999'),
(6, '333-444-5555'),
(7, '666-777-8888'),
(8, '999-000-1111'),
(9, '222-333-4444'),
(10, '888-999-0000'),
(11, '456-789-0123'),
(11, '789-012-3456'),
(12, '012-345-6789'),
(13, '345-678-9012'),
(14, '678-901-2345'),
(15, '901-234-5678'),
(15, '234-567-8901'),
(15, '567-890-1234'),
(16, '890-123-4567'),
(17, '123-456-7890'),
(18, '987-654-3210'),
(19, '555-123-4567'),
(20, '901-234-5678'),
(21, '111-222-3333'),
(22, '444-555-6666'),
(23, '777-888-9999'),
(24, '333-444-5555'),
(25, '666-777-8888'),
(25, '999-000-1111'),
(25, '222-333-4444'),
(26, '888-999-0000'),
(27, '456-789-0123'),
(28, '789-012-3456'),
(29, '012-345-6789'),
(30, '345-678-9012'),
(31, '678-901-2345'),
(32, '901-234-5678'),
(33, '234-567-8901'),
(34, '567-890-1234'),
(35, '890-123-4567'),
(35, '123-456-7890'),
(35, '987-654-3210'),
(36, '555-123-4567'),
(37, '901-234-5678'),
(38, '111-222-3333'),
(39, '444-555-6666'),
(40, '777-888-9999'),
(41, '333-444-5555'),
(42, '666-777-8888'),
(43, '999-000-1111'),
(44, '222-333-4444'),
(45, '888-999-0000'),
(45, '456-789-0123'),
(45, '789-012-3456'),
(46, '012-345-6789'),
(47, '345-678-9012'),
(48, '678-901-2345'),
(49, '901-234-5678'),
(50, '234-567-8901'),
(51, '567-890-1234'),
(52, '890-123-4567'),
(53, '123-456-7890'),
(54, '987-654-3210'),
(55, '555-123-4567'),
(55, '901-234-5678'),
(55, '111-222-3333'),
(56, '444-555-6666'),
(57, '777-888-9999'),
(58, '333-444-5555'),
(59, '666-777-8888'),
(60, '999-000-1111'),
(61, '222-333-4444'),
(62, '888-999-0000'),
(63, '456-789-0123'),
(64, '789-012-3456'),
(65, '012-345-6789'),
(65, '345-678-9012'),
(65, '678-901-2345'),
(66, '901-234-5678'),
(67, '234-567-8901'),
(68, '567-890-1234'),
(69, '890-123-4567'),
(70, '123-456-7890'),
(71, '987-654-3210'),
(72, '555-123-4567'),
(73, '901-234-5678'),
(74, '111-222-3333'),
(75, '444-555-6666'),
(75, '777-888-9999'),
(75, '333-444-5555'),
(76, '666-777-8888'),
(77, '999-000-1111'),
(78, '222-333-4444'),
(79, '888-999-0000'),
(80, '456-789-0123'),
(81, '789-012-3456'),
(82, '012-345-6789'),
(83, '345-678-9012'),
(84, '678-901-2345'),
(85, '901-234-5678'),
(86, '234-567-8901'),
(87, '567-890-1234'),
(88, '890-123-4567'),
(89, '123-456-7890'),
(90, '987-654-3210'),
(91, '555-123-4567'),
(91, '901-234-5678'),
(92, '111-222-3333'),
(93, '444-555-6666'),
(94, '777-888-9999'),
(95, '333-444-5555'),
(95, '666-777-8888'),
(95, '999-000-1111'),
(96, '222-333-4444'),
(97, '888-999-0000'),
(98, '456-789-0123'),
(99, '789-012-3456'),
(100, '012-345-6789'),
(101, '345-678-9012'),
(102, '678-901-2345'),
(103, '901-234-5678'),
(104, '234-567-8901'),
(105, '567-890-1234'),
(106, '890-123-4567'),
(107, '123-456-7890'),
(108, '987-654-3210'),
(109, '555-123-4567'),
(110, '901-234-5678'),
(111, '111-222-3333'),
(111, '444-555-6666'),
(112, '777-888-9999'),
(113, '333-444-5555'),
(114, '666-777-8888'),
(115, '999-000-1111'),
(115, '222-333-4444'),
(115, '888-999-0000'),
(116, '456-789-0123'),
(117, '789-012-3456'),
(118, '012-345-6789'),
(119, '345-678-9012'),
(120, '678-901-2345'),
(121, '901-234-5678'),
(122, '234-567-8901'),
(123, '567-890-1234'),
(124, '890-123-4567'),
(125, '123-456-7890'),
(125, '987-654-3210'),
(125, '555-123-4567'),
(126, '901-234-5678'),
(127, '111-222-3333'),
(128, '444-555-6666'),
(129, '777-888-9999'),
(130, '333-444-5555'),
(131, '666-777-8888'),
(132, '999-000-1111'),
(133, '222-333-4444'),
(134, '888-999-0000'),
(135, '456-789-0123'),
(135, '789-012-3456'),
(135, '012-345-6789'),
(136, '345-678-9012'),
(137, '678-901-2345'),
(138, '901-234-5678'),
(139, '234-567-8901'),
(140, '567-890-1234'),
(141, '890-123-4567'),
(142, '123-456-7890'),
(143, '987-654-3210'),
(144, '555-123-4567'),
(145, '901-234-5678'),
(145, '111-222-3333'),
(145, '444-555-6666'),
(146, '777-888-9999'),
(147, '333-444-5555'),
(148, '666-777-8888'),
(149, '999-000-1111'),
(150, '222-333-4444'),
(151, '888-999-0000'),
(152, '456-789-0123'),
(153, '789-012-3456'),
(154, '012-345-6789'),
(155, '345-678-9012'),
(155, '678-901-4163'),
(155, '901-234-5678'),
(155, '234-567-8901'),
(155, '567-890-1234'),
(156, '890-123-4567'),
(157, '123-456-7890'),
(158, '987-654-3210'),
(159, '555-123-4567'),
(160, '901-234-5678'),
(161, '111-222-3333'),
(162, '444-555-6666'),
(163, '777-888-9999'),
(164, '333-444-5555'),
(165, '666-777-8888'),
(166, '999-000-1111'),
(167, '222-333-4444'),
(168, '888-999-0000'),
(169, '456-789-0123'),
(170, '789-012-3456'),
(171, '012-345-6789'),
(172, '345-678-9012'),
(173, '678-901-2345'),
(174, '901-234-5678'),
(175, '234-567-8901'),
(176, '567-890-1234'),
(177, '890-123-4567'),
(178, '123-456-7890'),
(179, '987-654-3210'),
(180, '555-123-4567'),
(181, '901-234-5678'),
(182, '111-222-3333'),
(183, '444-555-6666'),
(184, '777-888-9999'),
(185, '333-444-5555'),
(186, '666-777-8888'),
(187, '999-000-1111'),
(188, '222-333-4444'),
(189, '888-999-0000'),
(190, '456-789-0123'),
(191, '789-012-3456'),
(192, '012-345-6789'),
(193, '345-678-9012'),
(194, '678-901-2345'),
(195, '901-234-5678'),
(196, '234-567-8901'),
(197, '567-890-1234'),
(198, '890-123-4567'),
(199, '123-456-7890'),
(200, '987-654-3210'),
(201, '555-123-4567'),
(202, '901-234-5678'),
(203, '111-222-3333'),
(204, '444-555-6666'),
(205, '777-888-9999'),
(206, '333-444-5555'),
(207, '666-777-8888'),
(208, '999-000-1111'),
(209, '222-333-4444'),
(210, '888-999-0000'),
(211, '456-789-0123'),
(212, '789-012-3456'),
(213, '012-345-6789'),
(214, '345-678-9012'),
(215, '678-901-2345'),
(216, '901-234-5678'),
(217, '234-567-8901'),
(218, '567-890-1234'),
(219, '890-123-4567'),
(220, '123-456-7890'),
(221, '987-654-3210'),
(222, '555-123-4567'),
(223, '901-234-5678'),
(224, '111-222-3333'),
(225, '444-555-6666'),
(226, '777-888-9999'),
(227, '333-444-5555');

insert into Organization values
(1, 'Apollo Hosp','New Delhi',1),
(2, 'Fortis HC','Mumbai',0),
(3, 'Kolkata Med Coll','Kolkata',0),
(4, 'Tata Med Ctr','Kolkata',1),
(5, 'Ahmedabad CH','Ahmedabad',1),
(6, 'Kolkata MH','Kolkata',0),
(7, 'Seth Sukhlal Hosp','Kolkata',0),
(8, 'Ahmedabad MH','Ahmedabad',0),
(9, 'Kolkata PTH','Kolkata',1),
(10, 'Ahmedabad CH','Ahmedabad',1),
(11, 'Ahmedabad IMS','Ahmedabad',1),
(12, 'Mumbai PTH','Mumbai',0),
(13, 'Bharatiya Hosp','Mumbai',0),
(14, 'Kolkata RH','Kolkata',0),
(15, 'Ahmedabad RH','Ahmedabad',0),
(16, 'Kolkata PH','Kolkata',1),
(17, 'Ahmedabad PH','Ahmedabad',1),
(18, 'Mumbai PH','Mumbai',0),
(19, 'Kolkata MCH','Kolkata',0),
(20, 'Ahmedabad MCH','Ahmedabad',0),
(21, 'Tata Mem Hosp','Mumbai',1),
(22, 'Kolkata MRI','Kolkata',1),
(23, 'Ahmedabad MRI','Ahmedabad',1),
(24, 'Mumbai MRI','Mumbai',0),
(25, 'Kolkata IMS','Kolkata',0),
(26, 'Ahmedabad IMS','Ahmedabad',0),
(27, 'Mumbai IMS','Mumbai',0),
(28, 'Kolkata HRC','Kolkata',1),
(29, 'Ahmedabad HRC','Ahmedabad',1),
(30, 'Mumbai HRC','Mumbai',0),
(31, 'Kolkata MCH','Kolkata',0),
(32, 'Ahmedabad MCH','Ahmedabad',0),
(33, 'Mumbai MCH','Mumbai',0),
(34, 'Kolkata IPGMER','Kolkata',1),
(35, 'Ahmedabad IPGMER','Ahmedabad',1),
(36, 'Mumbai IPGMER','Mumbai',0),
(37, 'Kolkata NMCH','Kolkata',0),
(38, 'Ahmedabad NMCH','Ahmedabad',0),
(39, 'Mumbai NMCH','Mumbai',0),
(40, 'Kolkata RGMCH','Kolkata',1),
(41, 'Ahmedabad RGMCH','Ahmedabad',1),
(42, 'Mumbai RGMCH','Mumbai',0),
(43, 'Kolkata NSMCH','Kolkata',0),
(44, 'Ahmedabad NSMCH','Ahmedabad',0),
(45, 'Mumbai NSMCH','Mumbai',0),
(46, 'Kolkata MCH','Kolkata',1),
(47, 'Ahmedabad MCH','Ahmedabad',1),
(48, 'Mumbai MCH','Mumbai',0),
(49, 'Kolkata IMS','Kolkata',0),
(50, 'Ahmedabad IMS','Ahmedabad',0),
(51, 'Mumbai IMS','Mumbai',0),
(52, 'Kolkata HRC','Kolkata',1),
(53, 'Ahmedabad HRC','Ahmedabad',1),
(54, 'Mumbai HRC','Mumbai',0),
(55, 'Kolkata MCH','Kolkata',0),
(56, 'Ahmedabad MCH','Ahmedabad',0),
(57, 'Mumbai MCH','Mumbai',0),
(58, 'Kolkata IPGMER','Kolkata',1),
(59, 'Ahmedabad IPGMER','Ahmedabad',1),
(60, 'Mumbai IPGMER','Mumbai',0),
(61, 'Kolkata NMCH','Kolkata',0),
(62, 'Ahmedabad NMCH','Ahmedabad',0),
(63, 'Mumbai NMCH','Mumbai',0),
(64, 'Kolkata RGMCH','Kolkata',1),
(65, 'Ahmedabad RGMCH','Ahmedabad',1),
(66, 'Mumbai RGMCH','Mumbai',0),
(67, 'Kolkata NSMCH','Kolkata',0),
(68, 'Ahmedabad NSMCH','Ahmedabad',0),
(69, 'Mumbai NSMCH','Mumbai',0),
(70, 'Kolkata MCH','Kolkata',1),
(71, 'Ahmedabad MCH','Ahmedabad',1),
(72, 'Mumbai MCH','Mumbai',0),
(73, 'Kolkata IMS','Kolkata',0),
(74, 'Ahmedabad IMS','Ahmedabad',0),
(75, 'Mumbai IMS','Mumbai',0),
(76, 'Kolkata HRC','Kolkata',1),
(77, 'Ahmedabad HRC','Ahmedabad',1),
(78, 'Mumbai HRC','Mumbai',0),
(79, 'Kolkata MCH','Kolkata',0),
(80, 'Ahmedabad MCH','Ahmedabad',0),
(81, 'Mumbai MCH','Mumbai',0),
(82, 'Kolkata IPGMER','Kolkata',1),
(83, 'Ahmedabad IPGMER','Ahmedabad',1),
(84, 'Mumbai IPGMER','Mumbai',0),
(85, 'Kolkata NMCH','Kolkata',0),
(86, 'Ahmedabad NMCH','Ahmedabad',0),
(87, 'Mumbai NMCH','Mumbai',0),
(88, 'Kolkata RGMCH','Kolkata',1),
(89, 'Ahmedabad RGMCH','Ahmedabad',1),
(90, 'Mumbai RGMCH','Mumbai',0),
(91, 'Kolkata NSMCH','Kolkata',0),
(92, 'Ahmedabad NSMCH','Ahmedabad',0),
(93, 'Mumbai NSMCH','Mumbai',0),
(94, 'Kolkata MCH','Kolkata',1),
(95, 'Ahmedabad MCH','Ahmedabad',1),
(96, 'Mumbai MCH','Mumbai',0),
(97, 'Kolkata IMS','Kolkata',0),
(98, 'Ahmedabad IMS','Ahmedabad',0),
(99, 'Mumbai IMS','Mumbai',0),
(100, 'Kolkata HRC','Kolkata',1);

insert into Doctor values
(1,'John Smith','Cardio',78),
(2,'Emily Johnson','Neuro',10),
(3,'Michael Davis','Oncol',61),
(4,'Sarah Taylor','Peds',26),
(5,'William Brown','Ortho',11),
(6,'Jennifer Lee','Gastro',14),
(7,'Kevin White','Uro',25),
(8,'Amanda Martin','Derm',30),
(9,'Brian Hall','Endo',35),
(10,'Lisa Nguyen','Neph',40),
(11,'David Kim','Pulm',45),
(12,'Christine Patel','Rheum',50),
(13,'James Wilson','Gyn',55),
(14,'Rebecca Garcia','Ophth',60),
(15,'Matthew Rodriguez','ENT',65),
(16,'Amy Chen','Psych',70),
(17,'Daniel Brooks','Rad',75),
(18,'Elizabeth Jenkins','Surg',80),
(19,'Thomas Harris','Anes',85),
(20,'Jessica Thompson','EM',90),
(21,'Robert Lewis','FM',95),
(22,'Katherine Walker','IM',100),
(23,'Richard Jackson','OBG',95),
(24,'Deborah Martin','Path',90),
(25,'Joseph Lee','Pharm',85),
(26,'Donna Taylor','Phys',80),
(27,'Mark Davis','Psych',75),
(28,'Lisa Nguyen','PubH',70),
(29,'Brian Hall','Rehab',65),
(30,'Amanda Martin','Resp',60),
(31,'Kevin White','Rheum',55),
(32,'Sarah Taylor','Tox',50),
(33,'Emily Johnson','Uro',45),
(34,'Michael Davis','VS',40),
(35,'John Smith','GS',35),
(36,'Jennifer Lee','NS',30),
(37,'William Brown','OS',25),
(38,'Christine Patel','ENT',20),
(39,'James Wilson','PS',15),
(40,'Rebecca Garcia','TS',10),
(41,'Matthew Rodriguez','VS',5),
(42,'Amy Chen','GP',100),
(43,'Daniel Brooks','GM',95),
(44,'Elizabeth Jenkins','ID',90),
(45,'Thomas Harris','MG',85),
(46,'Jessica Thompson','MO',80),
(47,'Robert Lewis','NM',75),
(48,'Katherine Walker','OM',70),
(49,'Richard Jackson','Ophth',65),
(50,'Deborah Martin','OMS',60),
(51,'Joseph Lee','Ortho',55),
(52,'Donna Taylor','ENT',50),
(53,'Mark Davis','PM',45),
(54,'Lisa Nguyen','PC',40),
(55,'Brian Hall','Path',35),
(56,'Amanda Martin','PS',30),
(57,'Kevin White','PMR',25),
(58,'Sarah Taylor','PS',20),
(59,'Emily Johnson','Pod',15),
(60,'Michael Davis','Psych',10),
(61,'John Smith','PubH',5),
(62,'Jennifer Lee','Pulm',100),
(63,'William Brown','Rad',95),
(64,'Christine Patel','Rehab',90),
(65,'James Wilson','Rheum',85),
(66,'Rebecca Garcia','TS',80),
(67,'Matthew Rodriguez','Uro',75),
(68,'Amy Chen','VS',70),
(69,'Daniel Brooks','GP',65),
(70,'Elizabeth Jenkins','GM',60),
(71,'Thomas Harris','ID',55),
(72,'Jessica Thompson','MG',50),
(73,'Robert Lewis','MO',45),
(74,'Katherine Walker','NM',40),
(75,'Richard Jackson','OM',35),
(76,'Deborah Martin','Ophth',30),
(77,'Joseph Lee','OMS',25),
(78,'Donna Taylor','Ortho',20),
(79,'Mark Davis','ENT',15),
(80,'Lisa Nguyen','PM',10),
(81,'Brian Hall','PC',5),
(82,'Amanda Martin','Path',100),
(83,'Kevin White','PS',95),
(84,'Sarah Taylor','PMR',90),
(85,'Emily Johnson','PS',85),
(86,'Michael Davis','Pod',80),
(87,'John Smith','Psych',75),
(88,'Jennifer Lee','PubH',70),
(89,'William Brown','Pulm',65),
(90,'Christine Patel','Rad',60),
(91,'James Wilson','Rehab',55),
(92,'Rebecca Garcia','Rheum',50),
(93,'Matthew Rodriguez','TS',45),
(94,'Amy Chen','Uro',40),
(95,'Daniel Brooks','VS',35),
(96,'Elizabeth Jenkins','GP',30),
(97,'Thomas Harris','GM',25),
(98,'Jessica Thompson','ID',20),
(99,'Robert Lewis','MG',15),
(100,'Katherine Walker','MO',10),
(101,'Richard Jackson','NM',5),
(102,'Deborah Martin','OM',100),
(103,'Joseph Lee','Ophth',95),
(104,'Donna Taylor','OMS',90),
(105,'Mark Davis','Ortho',85),
(106,'Lisa Nguyen','ENT',80),
(107,'Brian Hall','PM',75),
(108,'Amanda Martin','PC',70),
(109,'Kevin White','Path',65),
(110,'Sarah Taylor','PS',60),
(111,'Emily Johnson','PMR',55),
(112,'Michael Davis','PS',50),
(113,'John Smith','Pod',45),
(114,'Jennifer Lee','Psych',40),
(115,'William Brown','PubH',35),
(116,'Christine Patel','Pulm',30),
(117,'James Wilson','Rad',25),
(118,'Rebecca Garcia','Rehab',20),
(119,'Matthew Rodriguez','Rheum',15),
(120,'Amy Chen','TS',10),
(121,'Daniel Brooks','Uro',5),
(122,'Elizabeth Jenkins','VS',100),
(123,'Thomas Harris','GP',95),
(124,'Jessica Thompson','GM',90),
(125,'Robert Lewis','ID',85),
(126,'Katherine Walker','MG',80),
(127,'Richard Jackson','MO',75),
(128,'Deborah Martin','NM',70),
(129,'Joseph Lee','OM',65),
(130,'Donna Taylor','Ophth',60),
(131,'Mark Davis','OMS',55),
(132,'Lisa Nguyen','Ortho',50),
(133,'Brian Hall','ENT',45),
(134,'Amanda Martin','PM',40),
(135,'Kevin White','PC',35),
(136,'Sarah Taylor','Path',30),
(137,'Emily Johnson','PS',25),
(138,'Michael Davis','PMR',20),
(139,'John Smith','PS',15),
(140,'Jennifer Lee','Pod',10),
(141,'William Brown','Psych',5),
(142,'Christine Patel','PubH',100),
(143,'James Wilson','Pulm',95),
(144,'Rebecca Garcia','Rad',90),
(145,'Matthew Rodriguez','Rehab',85),
(146,'Amy Chen','Rheum',80),
(147,'Daniel Brooks','TS',75),
(148,'Elizabeth Jenkins','Uro',70),
(149,'Thomas Harris','VS',65),
(150,'Jessica Thompson','GP',60);

INSERT INTO Patient (Patient_ID, organ_req, reason_of_procurement, Doctor_ID, User_ID)
VALUES
(1, 'Kidney', 'Kidney Disease', 14, 120),
(2, 'Liver', 'Liver Cirrhosis', 73, 219),
(3, 'Heart', 'Heart Failure', 28, 156),
(4, 'Lung', 'COPD', 41, 198),
(5, 'Pancreas', 'Pancreatitis', 85, 145),
(6, 'Cornea', 'Corneal Ulcer', 62, 201),
(7, 'Skin', 'Severe Burns', 39, 181),
(8, 'Bone Marrow', 'Leukemia', 118, 210),
(9, 'Kidney', 'ESRD', 25, 168),
(10, 'Liver', 'Liver Cancer', 58, 205),
(11, 'Heart', 'Cardiomyopathy', 49, 192),
(12, 'Lung', 'Pulmonary Embolism', 82, 223),
(13, 'Pancreas', 'Pancreatic Cancer', 115, 206),
(14, 'Cornea', 'Corneal Transplant', 68, 199),
(15, 'Skin', 'Skin Cancer', 44, 184),
(16, 'Bone Marrow', 'BM Cancer', 129, 214),
(17, 'Kidney', 'Kidney Stones', 31, 163),
(18, 'Liver', 'Liver Failure', 76, 208),
(19, 'Heart', 'Heart Attack', 53, 191),
(20, 'Lung', 'Lung Cancer', 89, 221),
(21, 'Pancreas', 'Pancreatic Cancer', 122, 212),
(22, 'Cornea', 'Corneal Dystrophy', 65, 203),
(23, 'Skin', 'Skin Infection', 46, 186),
(24, 'Bone Marrow', 'Bone Marrow Transplant', 138, 216),
(25, 'Kidney', 'Kidney Disease', 19, 159),
(26, 'Liver', 'Liver Disease', 55, 196),
(27, 'Heart', 'Heart Valve Disease', 42, 183),
(28, 'Lung', 'Lung Disease', 81, 220),
(29, 'Pancreas', 'Pancreatic Disease', 124, 213),
(30, 'Cornea', 'Corneal Disease', 69, 204),
(31, 'Skin', 'Skin Disease', 48, 187),
(32, 'Bone Marrow', 'Bone Marrow Disease', 139, 217),
(33, 'Kidney', 'Kidney Failure', 22, 162),
(34, 'Liver', 'Liver Transplant', 59, 207),
(35, 'Heart', 'Heart Transplant', 51, 190),
(36, 'Lung', 'Lung Transplant', 88, 222),
(37, 'Pancreas', 'Pancreatic Transplant', 126, 215),
(38, 'Cornea', 'Corneal Transplant', 71, 202),
(39, 'Skin', 'Skin Transplant', 47, 188),
(40, 'Bone Marrow', 'Bone Marrow Transplant', 140, 218),
(41, 'Kidney', 'Kidney Cancer', 24, 165),
(42, 'Liver', 'Liver Cancer', 61, 209),
(43, 'Heart', 'Heart Cancer', 52, 194),
(44, 'Lung', 'Lung Cancer', 90, 224),
(45, 'Pancreas', 'Pancreatic Cancer', 128, 216),
(46, 'Cornea', 'Corneal Cancer', 72, 205),
(47, 'Skin', 'Skin Cancer', 50, 189),
(48, 'Bone Marrow', 'Bone Marrow Cancer', 141, 219),
(49, 'Kidney', 'Kidney Disease', 27, 166),
(50, 'Liver', 'Liver Disease', 63, 210),
(51, 'Heart', 'Heart Disease', 43, 185),
(52, 'Lung', 'Lung Disease', 84, 223),
(53, 'Pancreas', 'Pancreatic Disease', 130, 217),
(54, 'Cornea', 'Corneal Disease', 74, 206),
(55, 'Skin', 'Skin Disease', 51, 191),
(56, 'Bone Marrow', 'Bone Marrow Disease', 142, 220),
(57, 'Kidney', 'Kidney Failure', 30, 169),
(58, 'Liver', 'Liver Failure', 66, 211),
(59, 'Heart', 'Heart Failure', 54, 195),
(60, 'Lung', 'Lung Failure', 92, 225),
(61, 'Pancreas', 'Pancreatic Failure', 132, 218),
(62, 'Cornea', 'Corneal Failure', 75, 207),
(63, 'Skin', 'Skin Failure', 52, 193),
(64, 'Bone Marrow', 'Bone Marrow Failure', 143, 221),
(65, 'Kidney', 'Kidney Transplant', 33, 170),
(66, 'Liver', 'Liver Transplant', 70, 212),
(67, 'Heart', 'Heart Transplant', 56, 197),
(68, 'Liver', 'Liver Cancer', 61, 209),
(69, 'Heart', 'Heart Cancer', 52, 194),
(70, 'Lung', 'Lung Cancer', 90, 224),
(71, 'Pancreas', 'Pancreatic Cancer', 128, 216),
(72, 'Cornea', 'Corneal Cancer', 72, 205),
(73, 'Skin', 'Skin Cancer', 50, 189),
(74, 'Bone Marrow', 'Bone Marrow Cancer', 141, 219),
(75, 'Kidney', 'Kidney Disease', 27, 166),
(76, 'Liver', 'Liver Disease', 63, 210),
(77, 'Heart', 'Heart Disease', 43, 185),
(78, 'Lung', 'Lung Disease', 84, 223),
(79, 'Pancreas', 'Pancreatic Disease', 130, 217),
(80, 'Cornea', 'Corneal Disease', 74, 206),
(81, 'Skin', 'Skin Disease', 51, 191),
(82, 'Bone Marrow', 'Bone Marrow Disease', 142, 220),
(83, 'Kidney', 'Kidney Failure', 30, 169),
(84, 'Liver', 'Liver Failure', 66, 211),
(85, 'Heart', 'Heart Failure', 54, 195),
(86, 'Lung', 'Lung Failure', 92, 225),
(87, 'Pancreas', 'Pancreatic Failure', 132, 218),
(88, 'Cornea', 'Corneal Failure', 75, 207),
(89, 'Skin', 'Skin Failure', 52, 193),
(90, 'Bone Marrow', 'Bone Marrow Failure', 143, 221),
(91, 'Kidney', 'Kidney Transplant', 33, 170),
(92, 'Liver', 'Liver Transplant', 70, 212),
(93, 'Heart', 'Heart Transplant', 56, 197),
(94, 'Lung', 'Lung Transplant', 88, 222),
(95, 'Pancreas', 'Pancreatic Transplant', 126, 215),
(96, 'Cornea', 'Corneal Transplant', 71, 202),
(97, 'Skin', 'Skin Transplant', 47, 188),
(98, 'Bone Marrow', 'Bone Marrow Transplant', 140, 218),
(99, 'Kidney', 'Kidney Cancer', 24, 165),
(100, 'Liver', 'Liver Cancer', 61, 209),
(101, 'Heart', 'Heart Cancer', 52, 194),
(102, 'Lung', 'Lung Cancer', 90, 224),
(103, 'Pancreas', 'Pancreatic Cancer', 128, 216),
(104, 'Cornea', 'Corneal Cancer', 72, 205),
(105, 'Skin', 'Skin Cancer', 50, 189),
(106, 'Bone Marrow', 'Bone Marrow Cancer', 141, 219),
(107, 'Kidney', 'Kidney Disease', 27, 166),
(108, 'Liver', 'Liver Disease', 63, 210),
(109, 'Heart', 'Heart Disease', 43, 185),
(110, 'Lung', 'Lung Disease', 84, 223),
(111, 'Pancreas', 'Pancreatic Disease', 130, 217),
(112, 'Cornea', 'Corneal Disease', 74, 206),
(113, 'Skin', 'Skin Disease', 51, 191),
(114, 'Bone Marrow', 'Bone Marrow Disease', 142, 220),
(115, 'Kidney', 'Kidney Failure', 30, 169),
(116, 'Liver', 'Liver Failure', 66, 211),
(117, 'Heart', 'Heart Failure', 54, 195),
(118, 'Lung', 'Lung Failure', 92, 225),
(119, 'Pancreas', 'Pancreatic Failure', 132, 218),
(120, 'Cornea', 'Corneal Failure', 75, 207),
(121, 'Skin', 'Skin Failure', 52, 193),
(122, 'Bone Marrow', 'Bone Marrow Failure', 143, 221),
(123, 'Kidney', 'Kidney Transplant', 33, 170),
(124, 'Liver', 'Liver Transplant', 70, 212),
(125, 'Heart', 'Heart Transplant', 56, 197),
(126, 'Lung', 'Lung Transplant', 88, 222),
(127, 'Pancreas', 'Pancreatic Transplant', 126, 215),
(128, 'Cornea', 'Corneal Transplant', 71, 202),
(129, 'Skin', 'Skin Transplant', 47, 188),
(130, 'Bone Marrow', 'BM Transplant', 140, 218),
(131, 'Kidney', 'Kidney Cancer', 24, 165),
(132, 'Liver', 'Liver Cancer', 61, 209),
(133, 'Heart', 'Heart Cancer', 52, 194),
(134, 'Lung', 'Lung Cancer', 90, 224),
(135, 'Pancreas', 'Pancreatic Cancer', 128, 216),
(136, 'Cornea', 'Corneal Cancer', 72, 205),
(137, 'Skin', 'Skin Cancer', 50, 189),
(138, 'Bone Marrow', 'Bone Marrow Cancer', 141, 219),
(139, 'Kidney', 'Kidney Disease', 27, 166),
(140, 'Liver', 'Liver Disease', 63, 210),
(141, 'Heart', 'Heart Disease', 43, 185),
(142, 'Lung', 'Lung Disease', 84, 223),
(143, 'Pancreas', 'Pancreatic Disease', 130, 217),
(144, 'Cornea', 'Corneal Disease', 74, 206),
(145, 'Skin', 'Skin Disease', 51, 191),
(146, 'Bone Marrow', 'Bone Marrow Disease', 142, 220),
(147, 'Kidney', 'Kidney Failure', 30, 169),
(148, 'Liver', 'Liver Failure', 66, 211),
(149, 'Heart', 'Heart Failure', 54, 195),
(150, 'Lung', 'Lung Failure', 92, 225);

insert into Donor values
(1,'Heart','Family Member',97,90),
(2,'Pancreas','Personal Belief',79,41),
(3,'Pancreas','Religious Belief',1,95),
(4,'Intestine','Medical Condition',60,96),
(5,'Kidney','Family Member',69,72),
(6,'Pancreas','Personal Belief',1,89),
(7,'Kidney','Religious Belief',51,43),
(8,'Kidney','Medical Condition',53,61),
(9,'Heart','Family Member',57,16),
(10,'Liver','Personal Belief',23,98),
(11,'Lung','Religious Belief',14,76),
(12,'Cornea','Medical Condition',85,39),
(13,'Skin','Family Member',46,92),
(14,'Bone Marrow','Personal Belief',67,28),
(15,'Kidney','Religious Belief',31,59),
(16,'Pancreas','Medical Condition',49,82),
(17,'Heart','Family Member',13,94),
(18,'Liver','Personal Belief',75,22),
(19,'Lung','Religious Belief',58,86),
(20,'Cornea','Medical Condition',42,68),
(21,'Skin','Family Member',29,91),
(22,'Bone Marrow','Personal Belief',62,35),
(23,'Kidney','Religious Belief',18,74),
(24,'Pancreas','Medical Condition',88,48),
(25,'Heart','Family Member',5,99),
(26,'Liver','Personal Belief',34,24),
(27,'Lung','Religious Belief',66,83),
(28,'Cornea','Medical Condition',44,71),
(29,'Skin','Family Member',20,93),
(30,'Bone Marrow','Personal Belief',54,32),
(31,'Kidney','Religious Belief',11,77),
(32,'Pancreas','Medical Condition',80,47),
(33,'Heart','Family Member',7,100),
(34,'Liver','Personal Belief',38,25),
(35,'Lung','Religious Belief',65,84),
(36,'Cornea','Medical Condition',45,70),
(37,'Skin','Family Member',19,92),
(38,'Bone Marrow','Personal Belief',56,33),
(39,'Kidney','Religious Belief',12,78),
(40,'Pancreas','Medical Condition',87,49),
(41,'Heart','Family Member',4,101),
(42,'Liver','Personal Belief',36,26),
(43,'Lung','Religious Belief',64,85),
(44,'Cornea','Medical Condition',43,69),
(45,'Skin','Family Member',21,94),
(46,'Bone Marrow','Personal Belief',55,34),
(47,'Kidney','Religious Belief',10,79),
(48,'Pancreas','Medical Condition',89,50),
(49,'Heart','Family Member',3,102),
(50,'Liver','Personal Belief',37,27),
(51,'Lung','Religious Belief',63,86),
(52,'Cornea','Medical Condition',41,67),
(53,'Skin','Family Member',17,95),
(54,'Bone Marrow','Personal Belief',52,36),
(55,'Kidney','Religious Belief',9,81),
(56,'Pancreas','Medical Condition',90,51),
(57,'Heart','Family Member',2,103),
(58,'Liver','Personal Belief',35,28),
(59,'Lung','Religious Belief',61,87),
(60,'Cornea','Medical Condition',40,66),
(61,'Skin','Family Member',16,96),
(62,'Bone Marrow','Personal Belief',53,37),
(63,'Kidney','Religious Belief',8,82),
(64,'Pancreas','Medical Condition',91,52),
(65,'Heart','Family Member',1,104),
(66,'Liver','Personal Belief',33,29),
(67,'Lung','Religious Belief',59,88),
(68,'Cornea','Medical Condition',39,65),
(69,'Skin','Family Member',15,97),
(70,'Bone Marrow','Personal Belief',51,38),
(71,'Kidney','Religious Belief',6,83),
(72,'Pancreas','Medical Condition',92,53),
(73,'Heart','Family Member',98,105),
(74,'Liver','Personal Belief',24,30),
(75,'Lung','Religious Belief',56,89),
(76,'Cornea','Medical Condition',38,64),
(77,'Skin','Family Member',14,98),
(78,'Bone Marrow','Personal Belief',50,39),
(79,'Kidney','Religious Belief',5,84),
(80,'Pancreas','Medical Condition',93,54),
(81,'Heart','Family Member',97,106),
(82,'Liver','Personal Belief',26,31),
(83,'Lung','Religious Belief',55,90),
(84,'Cornea','Medical Condition',37,63),
(85,'Skin','Family Member',13,99),
(86,'Bone Marrow','Personal Belief',49,40),
(87,'Kidney','Religious Belief',4,85),
(88,'Pancreas','Medical Condition',94,55),
(89,'Heart','Family Member',96,107),
(90,'Liver','Personal Belief',28,32),
(91,'Lung','Religious Belief',54,91),
(92,'Cornea','Medical Condition',36,62),
(93,'Skin','Family Member',12,100),
(94,'Bone Marrow','Personal Belief',48,41),
(95,'Kidney','Religious Belief',3,86),
(96,'Pancreas','Medical Condition',95,56),
(97,'Heart','Family Member',95,108),
(98,'Liver','Personal Belief',30,33),
(99,'Lung','Religious Belief',53,92),
(100,'Cornea','Medical Condition',35,61),
(101,'Skin','Family Member',11,101),
(102,'Bone Marrow','Personal Belief',47,42),
(103,'Kidney','Religious Belief',2,87),
(104,'Pancreas','Medical Condition',96,57),
(105,'Heart','Family Member',94,109),
(106,'Liver','Personal Belief',32,34),
(107,'Lung','Religious Belief',52,93),
(108,'Cornea','Medical Condition',34,60),
(109,'Skin','Family Member',10,102),
(110,'Bone Marrow','Personal Belief',46,43);


INSERT INTO Transaction (Patient_ID, Organ_ID, Donor_ID, Date_of_transaction, Status)
VALUES
(14, 1, 97, '2022-01-01', 1),
(73, 2, 79, '2022-01-05', 1),
(28, 3, 1, '2022-01-10', 1),
(60, 4, 60, '2022-01-15', 1),
(69, 5, 69, '2022-01-20', 1),
(1, 6, 1, '2022-01-25', 1),
(51, 7, 51, '2022-02-01', 1),
(53, 8, 53, '2022-02-05', 1),
(57, 9, 57, '2022-02-10', 1),
(23, 10, 23, '2022-02-15', 1),
(75, 11, 75, '2022-02-20', 1),
(14, 12, 14, '2022-02-25', 1),
(58, 13, 58, '2022-03-01', 1),
(49, 14, 49, '2022-03-05', 1),
(13, 15, 13, '2022-03-10', 1),
(75, 16, 75, '2022-03-15', 1),
(18, 17, 18, '2022-03-20', 1),
(88, 18, 88, '2022-03-25', 1),
(5, 19, 5, '2022-04-01', 1),
(34, 20, 34, '2022-04-05', 1),
(66, 21, 66, '2022-04-10', 1),
(42, 22, 42, '2022-04-15', 1),
(80, 23, 80, '2022-04-20', 1),
(47, 24, 47, '2022-04-25', 1),
(11, 25, 11, '2022-05-01', 1),
(38, 26, 38, '2022-05-05', 1),
(65, 27, 65, '2022-05-10', 1),
(52, 28, 52, '2022-05-15', 1),
(29, 29, 29, '2022-05-20', 1),
(62, 30, 62, '2022-05-25', 1),
(19, 31, 19, '2022-06-01', 1),
(56, 32, 56, '2022-06-05', 1),
(44, 33, 44, '2022-06-10', 1),
(87, 34, 87, '2022-06-15', 1),
(3, 35, 3, '2022-06-20', 1),
(36, 36, 36, '2022-06-25', 1),
(70, 37, 70, '2022-07-01', 1),
(48, 38, 48, '2022-07-05', 1),
(59, 39, 59, '2022-07-10', 1),
(22, 40, 22, '2022-07-15', 1),
(83, 41, 83, '2022-07-20', 1),
(46, 42, 46, '2022-07-25', 1),
(10, 43, 10, '2022-08-01', 1),
(39, 44, 39, '2022-08-05', 1),
(64, 45, 64, '2022-08-10', 1),
(54, 46, 54, '2022-08-15', 1),
(21, 47, 21, '2022-08-20', 1),
(89, 48, 89, '2022-08-25', 1),
(6, 49, 6, '2022-09-01', 1),
(37, 50, 37, '2022-09-05', 1),
(45, 51, 45, '2022-09-10', 1),
(82, 52, 82, '2022-09-15', 1),
(17, 53, 17, '2022-09-20', 1),
(93, 54, 93, '2022-09-25', 1),
(4, 55, 4, '2022-10-01', 1),
(35, 56, 35, '2022-10-05', 1),
(63, 57, 63, '2022-10-10', 1),
(50, 58, 50, '2022-10-15', 1),
(20, 59, 20, '2022-10-20', 1),
(86, 60, 86, '2022-10-25', 1),
(9, 61, 9, '2022-11-01', 1),
(32, 62, 32, '2022-11-05', 1),
(43, 63, 43, '2022-11-10', 1),
(81, 64, 81, '2022-11-15', 1),
(16, 65, 16, '2022-11-20', 1),
(94, 66, 94, '2022-11-25', 1),
(7, 67, 7, '2022-12-01', 1),
(31, 68, 31, '2022-12-05', 1),
(41, 69, 41, '2022-12-10', 1),
(24, 70, 24, '2022-12-15', 1),
(91, 71, 91, '2022-12-20', 1),
(12, 72, 12, '2022-12-25', 1),
(67, 73, 67, '2023-01-01', 1),
(40, 74, 40, '2023-01-05', 1),
(55, 75, 55, '2023-01-10', 1),
(85, 76, 85, '2023-01-15', 1),
(15, 77, 15, '2023-01-20', 1),
(98, 78, 98, '2023-01-25', 1),
(8, 79, 8, '2023-02-01', 1),
(30, 80, 30, '2023-02-05', 1),
(42, 81, 42, '2023-02-10', 1),
(61, 82, 61, '2023-02-15', 1),
(19, 83, 19, '2023-02-20', 1),
(95, 84, 95, '2023-02-25', 1),
(2, 85, 2, '2023-03-01', 1),
(33, 86, 33, '2023-03-05', 1),
(44, 87, 44, '2023-03-10', 1),
(79, 88, 79, '2023-03-15', 1),
(11, 89, 11, '2023-03-20', 1),
(96, 90, 96, '2023-03-25', 1),
(6, 91, 6, '2023-04-01', 1),
(36, 92, 36, '2023-04-05', 1),
(45, 93, 45, '2023-04-10', 1),
(82, 94, 82, '2023-04-15', 1),
(17, 95, 17, '2023-04-20', 1),
(93, 96, 93, '2023-04-25', 1),
(4, 97, 4, '2023-05-01', 1),
(35, 98, 35, '2023-05-05', 1),
(63, 99, 63, '2023-05-10', 1),
(50, 100, 50, '2023-05-15', 1),
(20, 101, 20, '2023-05-20', 1);

INSERT INTO Organization_phone_no (Organization_ID, Phone_no) 
VALUES 
(1, '123-456-7890'),
(1, '987-654-3210'),
(2, '555-123-4567'),
(2, '901-234-5678'),
(3, '111-222-3333'),
(3, '444-555-6666'),
(4, '777-888-9999'),
(4, '333-444-5555'),
(5, '666-777-8888'),
(5, '999-000-1111'),
(6, '222-333-4444'),
(6, '888-999-0000'),
(7, '456-789-0123'),
(7, '789-012-3456'),
(8, '012-345-6789'),
(8, '345-678-9012'),
(9, '678-901-2345'),
(9, '901-234-5678'),
(10, '234-567-8901'),
(10, '567-890-1234'),
(11, '890-123-4567'),
(11, '123-456-7890'),
(12, '987-654-3210'),
(12, '555-123-4567'),
(13, '901-234-5678'),
(13, '111-222-3333'),
(14, '444-555-6666'),
(14, '777-888-9999'),
(15, '333-444-5555'),
(15, '666-777-8888'),
(16, '999-000-1111'),
(16, '222-333-4444'),
(17, '888-999-0000'),
(17, '456-789-0123'),
(18, '789-012-3456'),
(18, '012-345-6789'),
(19, '345-678-9012'),
(19, '678-901-2345'),
(20, '901-234-5678'),
(20, '234-567-8901'),
(21, '567-890-1234'),
(21, '890-123-4567'),
(22, '123-456-7890'),
(22, '987-654-3210'),
(23, '555-123-4567'),
(23, '901-234-5678'),
(24, '111-222-3333'),
(24, '444-555-6666'),
(25, '777-888-9999'),
(25, '333-444-5555'),
(26, '666-777-8888'),
(26, '999-000-1111'),
(27, '222-333-4444'),
(27, '888-999-0000'),
(28, '456-789-0123'),
(28, '789-012-3456'),
(29, '012-345-6789'),
(29, '345-678-9012'),
(30, '678-901-2345'),
(30, '901-234-5678'),
(31, '234-567-8901'),
(31, '567-890-1234'),
(32, '890-123-4567'),
(32, '123-456-7890'),
(33, '987-654-3210'),
(33, '555-123-4567'),
(34, '901-234-5678'),
(34, '111-222-3333'),
(35, '444-555-6666'),
(35, '777-888-9999'),
(36, '333-444-5555'),
(36, '666-777-8888'),
(37, '999-000-1111'),
(37, '222-333-4444'),
(38, '888-999-0000'),
(38, '456-789-0123'),
(39, '789-012-3456'),
(39, '012-345-6789'),
(40, '345-678-9012'),
(40, '678-901-2345'),
(41, '901-234-5678'),
(41, '234-567-8901'),
(42, '567-890-1234'),
(42, '890-123-4567'),
(43, '123-456-7890'),
(43, '987-654-3210'),
(44, '555-123-4567'),
(44, '901-234-5678'),
(45, '111-222-3333'),
(45, '444-555-6666'),
(46, '777-888-9999'),
(46, '333-444-5555'),
(47, '666-777-8888'),
(47, '999-000-1111'),
(48, '222-333-4444'),
(48, '888-999-0000'),
(49, '456-789-0123'),
(49, '789-012-3456'),
(50, '012-345-6789'),
(50, '345-678-9012'),
(51, '678-901-2345'),
(51, '901-234-5678'),
(52, '234-567-8901'),
(52, '567-890-1234'),
(53, '890-123-4567'),
(53, '123-456-7890'),
(54, '987-654-3210'),
(54, '555-123-4567'),
(55, '901-234-5678'),
(55, '111-222-3333'),
(56, '444-555-6666'),
(56, '777-888-9999'),
(57, '333-444-5555'),
(57, '666-777-8888'),
(58, '999-000-1111'),
(58, '222-333-4444'),
(59, '888-999-0000'),
(59, '456-789-0123'),
(60, '789-012-3456'),
(60, '012-345-6789'),
(61, '345-678-9012'),
(61, '678-901-2345'),
(62, '901-234-5678'),
(62, '234-567-8901'),
(63, '567-890-1234'),
(63, '890-123-4567'),
(64, '123-456-7890'),
(64, '987-654-3210'),
(65, '555-123-4567'),
(65, '901-234-5678'),
(66, '111-222-3333'),
(66, '444-555-6666'),
(67, '777-888-9999'),
(67, '333-444-5555'),
(68, '666-777-8888'),
(68, '999-000-1111'),
(69, '222-333-4444'),
(69, '888-999-0000'),
(70, '456-789-0123'),
(70, '789-012-3456'),
(71, '012-345-6789'),
(71, '345-678-9012'),
(72, '678-901-2345'),
(72, '901-234-5678'),
(73, '234-567-8901'),
(73, '567-890-1234'),
(73, '567-890-1234'),
(74, '901-234-5678'),
(75, '234-567-8901'),
(76, '567-890-1234'),
(77, '890-123-4567'),
(78, '123-456-7890'),
(79, '987-654-3210'),
(80, '555-123-4567'),
(81, '901-234-5678'),
(82, '111-222-3333'),
(83, '444-555-6666'),
(84, '777-888-9999'),
(85, '333-444-5555'),
(86, '666-777-8888'),
(87, '999-000-1111'),
(88, '222-333-4444'),
(89, '888-999-0000'),
(90, '456-789-0123'),
(91, '789-012-3456'),
(92, '012-345-6789'),
(93, '345-678-9012'),
(94, '678-901-2345'),
(95, '901-234-5678'),
(96, '234-567-8901'),
(97, '567-890-1234'),
(98, '890-123-4567'),
(99, '123-456-7890'),
(100, '987-654-3210');



INSERT INTO Doctor_phone_no (Doctor_ID, Phone_no) 
VALUES 
(1, '123-456-7890'),
(2, '987-654-3210'),
(3, '555-123-4567'),
(4, '901-234-5678'),
(5, '111-222-3333'),
(5, '444-555-6666'),
(5, '777-888-9999'),
(6, '333-444-5555'),
(7, '666-777-8888'),
(8, '999-000-1111'),
(9, '222-333-4444'),
(10, '888-999-0000'),
(11, '456-789-0123'),
(11, '789-012-3456'),
(12, '012-345-6789'),
(13, '345-678-9012'),
(14, '678-901-2345'),
(15, '901-234-5678'),
(15, '234-567-8901'),
(15, '567-890-1234'),
(16, '890-123-4567'),
(17, '123-456-7890'),
(18, '987-654-3210'),
(19, '555-123-4567'),
(20, '901-234-5678'),
(21, '111-222-3333'),
(22, '444-555-6666'),
(23, '777-888-9999'),
(24, '333-444-5555'),
(25, '666-777-8888'),
(25, '999-000-1111'),
(25, '222-333-4444'),
(26, '888-999-0000'),
(27, '456-789-0123'),
(28, '789-012-3456'),
(29, '012-345-6789'),
(30, '345-678-9012'),
(31, '678-901-2345'),
(32, '901-234-5678'),
(33, '234-567-8901'),
(34, '567-890-1234'),
(35, '890-123-4567'),
(35, '123-456-7890'),
(35, '987-654-3210'),
(36, '555-123-4567'),
(37, '901-234-5678'),
(38, '111-222-3333'),
(39, '444-555-6666'),
(40, '777-888-9999'),
(41, '333-444-5555'),
(42, '666-777-8888'),
(43, '999-000-1111'),
(44, '222-333-4444'),
(45, '888-999-0000'),
(45, '456-789-0123'),
(45, '789-012-3456'),
(46, '012-345-6789'),
(47, '345-678-9012'),
(48, '678-901-2345'),
(49, '901-234-5678'),
(50, '234-567-8901'),
(51, '567-890-1234'),
(52, '890-123-4567'),
(53, '123-456-7890'),
(54, '987-654-3210'),
(55, '555-123-4567'),
(55, '901-234-5678'),
(55, '111-222-3333'),
(56, '444-555-6666'),
(57, '777-888-9999'),
(58, '333-444-5555'),
(59, '666-777-8888'),
(60, '999-000-1111'),
(61, '222-333-4444'),
(62, '888-999-0000'),
(63, '456-789-0123'),
(64, '789-012-3456'),
(65, '012-345-6789'),
(65, '345-678-9012'),
(65, '678-901-2345'),
(66, '901-234-5678'),
(67, '234-567-8901'),
(68, '567-890-1234'),
(69, '890-123-4567'),
(70, '123-456-7890'),
(71, '987-654-3210'),
(72, '555-123-4567'),
(73, '901-234-5678'),
(74, '111-222-3333'),
(75, '444-555-6666'),
(75, '777-888-9999'),
(75, '333-444-5555'),
(76, '666-777-8888'),
(77, '999-000-1111'),
(78, '222-333-4444'),
(79, '888-999-0000'),
(80, '456-789-0123'),
(81, '789-012-3456'),
(82, '012-345-6789'),
(83, '345-678-9012'),
(84, '678-901-2345'),
(85, '901-234-5678'),
(86, '234-567-8901'),
(87, '567-890-1234'),
(88, '890-123-4567'),
(89, '123-456-7890'),
(90, '987-654-3210'),
(91, '555-123-4567'),
(91, '901-234-5678'),
(92, '111-222-3333'),
(93, '444-555-6666'),
(94, '777-888-9999'),
(95, '333-444-5555'),
(95, '666-777-8888'),
(95, '999-000-1111'),
(96, '222-333-4444'),
(97, '888-999-0000'),
(98, '456-789-0123'),
(99, '789-012-3456'),
(100, '012-345-6789'),
(101, '345-678-9012'),
(102, '678-901-2345'),
(103, '901-234-5678'),
(104, '234-567-8901'),
(105, '567-890-1234'),
(106, '890-123-4567'),
(107, '123-456-7890'),
(108, '987-654-3210'),
(109, '555-123-4567'),
(110, '901-234-5678'),
(111, '111-222-3333'),
(111, '444-555-6666'),
(112, '777-888-9999'),
(113, '333-444-5555'),
(114, '666-777-8888'),
(115, '999-000-1111'),
(115, '222-333-4444'),
(115, '888-999-0000'),
(116, '456-789-0123'),
(117, '789-012-3456'),
(118, '012-345-6789'),
(119, '345-678-9012'),
(120, '678-901-2345'),
(121, '901-234-5678'),
(122, '234-567-8901'),
(123, '567-890-1234'),
(124, '890-123-4567'),
(125, '123-456-7890'),
(125, '987-654-3210'),
(125, '555-123-4567'),
(126, '901-234-5678'),
(127, '111-222-3333'),
(128, '444-555-6666'),
(129, '777-888-9999'),
(130, '333-444-5555'),
(131, '666-777-8888'),
(132, '999-000-1111'),
(133, '222-333-4444'),
(134, '888-999-0000'),
(135, '456-789-0123'),
(135, '789-012-3456'),
(135, '012-345-6789'),
(136, '345-678-9012'),
(137, '678-901-2345'),
(138, '901-234-5678'),
(139, '234-567-8901'),
(140, '567-890-1234'),
(141, '890-123-4567'),
(142, '123-456-7890'),
(143, '987-654-3210'),
(144, '555-123-4567'),
(145, '901-234-5678'),
(145, '111-222-3333'),
(145, '444-555-6666'),
(146, '777-888-9999'),
(147, '333-444-5555'),
(148, '666-777-8888'),
(149, '999-000-1111'),
(150, '222-333-4444');



INSERT INTO Organization_head (Organization_ID, Employee_ID, Name, Date_of_joining, Term_length)
VALUES
(1, 101, 'John Smith', '2020-01-01', 5),
(2, 102, 'Emily Johnson', '2019-06-15', 4),
(3, 103, 'Michael Davis', '2018-03-20', 3),
(4, 104, 'Sarah Taylor', '2017-09-10', 2),
(5, 105, 'William Brown', '2016-02-25', 1),
(6, 106, 'Jennifer Lee', '2015-11-05', 5),
(7, 107, 'Kevin White', '2014-08-20', 4),
(8, 108, 'Amanda Martin', '2013-05-15', 3),
(9, 109, 'Brian Hall', '2012-02-25', 2),
(10, 110, 'Lisa Nguyen', '2011-11-10', 1),
(11, 111, 'David Kim', '2010-08-05', 5),
(12, 112, 'Christine Patel', '2009-05-15', 4),
(13, 113, 'James Wilson', '2008-02-25', 3),
(14, 114, 'Rebecca Garcia', '2007-11-10', 2),
(15, 115, 'Matthew Rodriguez', '2006-08-05', 1),
(16, 116, 'Amy Chen', '2005-05-15', 5),
(17, 117, 'Daniel Brooks', '2004-02-25', 4),
(18, 118, 'Elizabeth Jenkins', '2003-11-10', 3),
(19, 119, 'Thomas Harris', '2002-08-05', 2),
(20, 120, 'Jessica Thompson', '2001-05-15', 1),
(21, 121, 'Robert Lewis', '2000-02-25', 5),
(22, 122, 'Katherine Walker', '1999-11-10', 4),
(23, 123, 'Richard Jackson', '1998-08-05', 3),
(24, 124, 'Deborah Martin', '1997-05-15', 2),
(25, 125, 'Joseph Lee', '1996-02-25', 1),
(26, 126, 'Donna Taylor', '1995-11-10', 5),
(27, 127, 'Mark Davis', '1994-08-05', 4),
(28, 128, 'Lisa Nguyen', '1993-05-15', 3),
(29, 129, 'Brian Hall', '1992-02-25', 2),
(30, 130, 'Amanda Martin', '1991-11-10', 1),
(31, 131, 'Kevin White', '1990-08-05', 5),
(32, 132, 'Sarah Taylor', '1989-05-15', 4),
(33, 133, 'Emily Johnson', '1988-02-25', 3),
(34, 134, 'Michael Davis', '1987-11-10', 2),
(35, 135, 'John Smith', '1986-08-05', 1),
(36, 136, 'Jennifer Lee', '1985-05-15', 5),
(37, 137, 'Kevin White', '1984-02-25', 4),
(38, 138, 'Amanda Martin', '1983-11-10', 3),
(39, 139, 'Brian Hall', '1982-08-05', 2),
(40, 140, 'Lisa Nguyen', '1981-05-15', 1),
(41, 141, 'David Kim', '1980-02-25', 5),
(42, 142, 'Christine Patel', '1979-11-10', 4),
(43, 143, 'James Wilson', '1978-08-05', 3),
(44, 144, 'Rebecca Garcia', '1977-05-15', 2),
(45, 145, 'Matthew Rodriguez', '1976-02-25', 1),
(46, 146, 'Amy Chen', '1975-11-10', 5),
(47, 147, 'Daniel Brooks', '1974-08-05', 4),
(48, 148, 'Elizabeth Jenkins', '1973-05-15', 3),
(49, 149, 'Thomas Harris', '1972-02-25', 2),
(50, 150, 'Jessica Thompson', '1971-11-10', 1),
(51, 151, 'Robert Lewis', '1970-08-05', 5),
(52, 152, 'Katherine Walker', '1969-05-15', 4),
(53, 153, 'Richard Jackson', '1968-02-25', 3),
(54, 154, 'Deborah Martin', '1967-11-10', 2),
(55, 155, 'Joseph Lee', '1966-08-05', 1),
(56, 156, 'Donna Taylor', '1965-05-15', 5),
(57, 157, 'Mark Davis', '1964-02-25', 4),
(58, 158, 'Lisa Nguyen', '1963-11-10', 3),
(59, 159, 'Brian Hall', '1962-08-05', 2),
(60, 160, 'Amanda Martin', '1961-05-15', 1),
(61, 161, 'Kevin White', '1960-02-25', 5),
(62, 162, 'Sarah Taylor', '1959-11-10', 4),
(63, 163, 'Emily Johnson', '1958-08-05', 3),
(64, 164, 'Michael Davis', '1957-05-15', 2),
(65, 165, 'John Smith', '1956-02-25', 1),
(66, 166, 'Jennifer Lee', '1955-11-10', 5),
(67, 167, 'Kevin White', '1954-08-05', 4),
(68, 168, 'Amanda Martin', '1953-05-15', 3),
(69, 169, 'Brian Hall', '1952-02-25', 2),
(70, 170, 'Lisa Nguyen', '1951-11-10', 1),
(71, 171, 'David Kim', '1950-08-05', 5),
(72, 172, 'Christine Patel', '1949-05-15', 4),
(73, 173, 'James Wilson', '1948-02-25', 3),
(74, 174, 'Rebecca Garcia', '1947-11-10', 2),
(75, 175, 'Matthew Rodriguez', '1946-08-05', 5),
(76, 176, 'Amy Chen', '1945-05-15', 5),
(77, 177, 'Daniel Brooks', '1944-02-25', 4),
(78, 178, 'Elizabeth Jenkins', '1943-11-10', 3),
(79, 179, 'Thomas Harris', '1942-08-05', 2),
(80, 180, 'Jessica Thompson', '1941-05-15', 1),
(81, 181, 'Robert Lewis', '1940-02-25', 5),
(82, 182, 'Katherine Walker', '1939-11-10', 4),
(83, 183, 'Richard Jackson', '1938-08-05', 3),
(84, 184, 'Deborah Martin', '1937-05-15', 2),
(85, 185, 'Joseph Lee', '1936-02-25', 1),
(86, 186, 'Donna Taylor', '1935-11-10', 5),
(87, 187, 'Mark Davis', '1934-08-05', 4),
(88, 188, 'Lisa Nguyen', '1933-05-15', 3),
(89, 189, 'Brian Hall', '1932-02-25', 2),
(90, 190, 'Amanda Martin', '1931-11-10', 1),
(91, 191, 'Kevin White', '1930-08-05', 5),
(92, 192, 'Sarah Taylor', '1929-05-15', 4),
(93, 193, 'Emily Johnson', '1928-02-25', 3),
(94, 194, 'Michael Davis', '1927-11-10', 2),
(95, 195, 'John Smith', '1926-08-05', 1),
(96, 196, 'Jennifer Lee', '1925-05-15', 5),
(97, 197, 'Kevin White', '1924-02-25', 4),
(98, 198, 'Amanda Martin', '1923-11-10', 3),
(99, 199, 'Brian Hall', '1922-08-05', 2),
(100, 200, 'Lisa Nguyen', '1921-05-15', 1);